dimension,segment,candidates,eligible_candidates,selected_candidates,average_score,average_expected_profit_try,selection_rate,data_class
size_band,MEDIUM,2187,1520,160,40.311614,6998.246232,0.073160,DERIVED_ANALYTICS
size_band,MICRO,9493,6270,135,29.231276,171.624834,0.014221,DERIVED_ANALYTICS
size_band,SMALL,6876,4460,366,35.336466,2844.423751,0.053229,DERIVED_ANALYTICS
region,Aegean,2823,1884,132,34.981034,3181.647382,0.046759,DERIVED_ANALYTICS
region,Black Sea,1891,1243,24,28.629688,229.942121,0.012692,DERIVED_ANALYTICS
region,Central Anatolia,3579,2340,133,33.027343,2049.828424,0.037161,DERIVED_ANALYTICS
region,Eastern,1535,1012,58,33.334033,2046.719622,0.037785,DERIVED_ANALYTICS
region,Marmara,6315,4167,230,32.951921,2048.509789,0.036421,DERIVED_ANALYTICS
region,Mediterranean,2413,1604,84,32.438193,1517.470282,0.034811,DERIVED_ANALYTICS
